{"cameraMode":{"drawMode":0,"name":"Shaded","section":"Shading Mode"},"sceneLighting":true,"audioPlay":false,"sceneViewState":{"showFog":true,"showMaterialUpdate":false,"showSkybox":true,"showFlares":true,"showImageEffects":true,"showParticleSystems":true},"in2DMode":false,"pivot":{"x":-3.3432486057281496,"y":-0.555384635925293,"z":8.185959815979004},"rotation":{"x":-0.1777854710817337,"y":-0.1516648679971695,"z":0.027686292305588723,"w":-0.9719928503036499},"size":11.957046508789063,"orthographic":false}