{"cameraMode":{"drawMode":0,"name":"Shaded","section":"Shading Mode"},"sceneLighting":true,"audioPlay":false,"sceneViewState":{"showFog":true,"showMaterialUpdate":false,"showSkybox":true,"showFlares":true,"showImageEffects":true,"showParticleSystems":true},"in2DMode":false,"pivot":{"x":-7.827124118804932,"y":-1.4570192098617554,"z":-2.486149787902832},"rotation":{"x":0.02660631574690342,"y":-0.9325361847877502,"z":0.07037956267595291,"w":0.35325849056243899},"size":10.850020408630371,"orthographic":false}