{"cameraMode":{"drawMode":0,"name":"Shaded","section":"Shading Mode"},"sceneLighting":true,"audioPlay":false,"sceneViewState":{"showFog":true,"showMaterialUpdate":false,"showSkybox":true,"showFlares":true,"showImageEffects":true,"showParticleSystems":true},"in2DMode":false,"pivot":{"x":2.4247050285339357,"y":-4.794327735900879,"z":-30.673492431640626},"rotation":{"x":0.2552669048309326,"y":0.07387832552194596,"z":-0.0195660050958395,"w":0.9638451933860779},"size":18.353919982910158,"orthographic":false}