{"cameraMode":{"drawMode":0,"name":"Shaded","section":"Shading Mode"},"sceneLighting":true,"audioPlay":false,"sceneViewState":{"showFog":true,"showMaterialUpdate":false,"showSkybox":true,"showFlares":true,"showImageEffects":true,"showParticleSystems":true},"in2DMode":false,"pivot":{"x":11.468484878540039,"y":-0.00000286102294921875,"z":-1.0106735229492188},"rotation":{"x":0.06836122274398804,"y":0.9288285970687866,"z":-0.21729254722595216,"w":0.2922136187553406},"size":10.0,"orthographic":false}